trial,participant,setSize,pSwap,pTarget,pBestFoil,bestXi,bestFoilXi,visualFoil,visualMatch,resp,target,bestFoil,bestFoilIdx,dTarget,dBestFoil,dInferredFoil,foilMargin,score
1772,18,6,0.831863636363636,0.168136363636364,0.658675799086758,6,6,5,1,0.1309926535,1.6261,0.1183,4,1.4951073465,0.0126926534999999,0.0126926534999999,1.482414693,15.5748820312691
567,6,6,0.749545454545455,0.250454545454545,0.570577793048159,6,6,5,1,2.5626,1.0619926535,2.5715926535,1,1.5006073465,0.0089926535,0.0089926535,1.491614693,14.4269187621836
7437,75,6,0.913227272727273,0.0867727272727273,0.45905646541188,4,4,3,1,3.1092926535,1.6018,3.1131926535,2,1.5074926535,0.00390000000000024,0.00390000000000024,1.5035926535,12.8058242845079
7763,78,6,0.790136363636364,0.209863636363636,0.502576701821668,6,6,5,1,0.4322,1.9949926535,0.4475,4,1.5627926535,0.0153,0.0153,1.5474926535,11.9101646843689
6376,64,6,0.846727272727273,0.153272727272727,0.586576874785983,5,5,4,1,3.0167926535,1.6268926535,3.0399926535,1,1.3899,0.0232000000000001,0.0232000000000001,1.3667,10.9518389995902
6945,70,6,0.778681818181818,0.221318181818182,0.357283741899127,6,6,5,1,1.5076926535,2.9299,1.509,5,1.4222073465,0.00130734649999975,0.00130734649999975,1.4209,9.8945765761726
3750,38,6,0.678,0.322,0.445690157251019,6,6,5,1,2.5933,1.4267926535,2.5962926535,2,1.1665073465,0.00299265349999978,0.00299265349999978,1.163514693,9.78564031497392
2158,22,6,0.733545454545455,0.266454545454545,0.440887361014127,6,6,5,1,2.3051,0.8573,2.3196926535,1,1.4478,0.0145926535000003,0.0145926535000003,1.4332073465,9.78258316612495
6859,69,6,0.789545454545455,0.210454545454545,0.420141700404858,6,6,5,1,2.7543926535,1.4354926535,2.7608926535,2,1.3189,0.00649999999999995,0.00649999999999995,1.3124,9.75918526745728
696,7,6,0.733272727272727,0.266727272727273,0.543947450735064,6,6,5,1,0.2838,1.6466926535,0.2582,4,1.3628926535,0.0256,0.0256,1.3372926535,9.62191706029172
1883,19,6,0.786909090909091,0.213090909090909,0.368823278112688,6,6,5,1,0.5738926535,2.1418926535,0.5622,2,1.568,0.0116926535000001,0.0116926535000001,1.5563073465,9.30422578252348
5540,56,6,0.825863636363636,0.174136363636364,0.520529118708126,6,6,5,1,3.1326073465,1.3375,0.0165,3,1.3463926535,0.0253926535000004,0.0253926535000004,1.321,9.12050357550329
5867,59,6,0.799818181818182,0.200181818181818,0.356232849862799,6,6,5,1,1.0106,2.575,1.0228,5,1.5644,0.0122,0.0122,1.5522,8.88978504110992
5850,59,6,0.749272727272727,0.250727272727273,0.486823855755895,6,6,5,1,2.3763926535,0.8780926535,2.3432926535,1,1.4983,0.0331000000000001,0.0331000000000001,1.4652,8.58356574552991
8970,90,6,0.837954545454545,0.162045454545455,0.419247877072382,5,5,4,1,0.0196926534999999,1.2855926535,0.0073,3,1.2659,0.0123926534999999,0.0123926534999999,1.2535073465,8.42295149243428
1551,16,6,0.722363636363636,0.277636363636364,0.580722891566265,6,6,5,1,3.0204926535,1.7993926535,3.0564926535,3,1.2211,0.036,0.036,1.1851,8.00249649761838
1761,18,6,0.671090909090909,0.328909090909091,0.395905232720828,6,6,5,1,2.0367926535,0.5399926535,2.0604926535,1,1.4968,0.0236999999999998,0.0236999999999998,1.4731,7.9132699907877
5742,58,6,0.784863636363636,0.215136363636364,0.530631909930013,6,6,5,1,0.3642926535,1.8586926535,0.4116,4,1.4944,0.0473073464999998,0.0473073464999998,1.4470926535,7.89121855843019
9156,92,6,0.769136363636364,0.230863636363636,0.351290368072204,6,6,5,1,1.6968,0.2134926535,1.6798926535,1,1.4833073465,0.0169073465,0.0169073465,1.4664,7.6991873491961
3759,38,6,0.614818181818182,0.385181818181818,0.390836884928322,1,6,5,1,0.3642926535,1.5693926535,0.3521,4,1.2051,0.0121926535000002,0.0121926535000002,1.1929073465,7.49657982215166
8267,83,6,0.862772727272727,0.137227272727273,0.681203613140786,6,6,5,1,3.0485926535,1.6816926535,2.9738926535,4,1.3669,0.0747,0.0747,1.2922,7.05895195589835
6641,67,6,0.652909090909091,0.347090909090909,0.383281936267639,6,6,5,1,2.1240926535,0.5954926535,2.1561926535,1,1.5286,0.0320999999999998,0.0320999999999998,1.4965,6.98637536692476
4448,45,6,0.648136363636364,0.351863636363636,0.311577912041591,1,5,4,1,0.4784926535,1.7588926535,0.4875,4,1.2804,0.00900734649999996,0.00900734649999996,1.2713926535,6.71336523093015
4870,49,6,0.752909090909091,0.247090909090909,0.380277589051732,6,6,5,1,0.4966,1.9211,0.4672,3,1.4245,0.0294,0.0294,1.3951,6.68167839403114
5955,60,6,0.796045454545455,0.203954545454545,0.603205128205128,6,6,5,1,0.3756,1.9391,0.2884,5,1.5635,0.0872,0.0872,1.4763,6.49061028257457
7368,74,6,0.733136363636364,0.266863636363636,0.453182875355328,1,3,2,1,0.2412,1.3805926535,0.2122,5,1.1393926535,0.029,0.029,1.1103926535,6.36975867704509
9274,93,6,0.7115,0.2885,0.444904924427109,6,6,5,1,2.2939,0.8445,2.2454926535,1,1.4494,0.0484073464999999,0.0484073464999999,1.4009926535,6.33396339599862
5522,56,3,0.449772727272727,0.550227272727273,0.436024389125751,1,3,2,1,0.4321926535,1.6772926535,0.4662,2,1.2451,0.0340073465,0.0340073465,1.2110926535,6.28594946058702
8974,90,6,0.719318181818182,0.280681818181818,0.385164654483957,6,6,5,1,2.8217926535,1.7434926535,2.8398926535,3,1.0783,0.0181,0.0181,1.0602,5.99635193368416
1316,14,3,0.633454545454545,0.366545454545455,0.399650075970349,3,3,2,1,2.7042926535,1.2502926535,2.7508926535,2,1.454,0.0466000000000002,0.0466000000000002,1.4074,5.82264510269842
5784,58,6,0.754590909090909,0.245409090909091,0.526605504587156,6,6,5,1,2.9381926535,1.4702926535,3.0143926535,2,1.4679,0.0761999999999996,0.0761999999999996,1.3917,5.80726529900117
5654,57,6,0.7765,0.2235,0.455233787305177,6,6,5,1,2.4279,0.8825926535,2.3618926535,3,1.5453073465,0.0660073465000002,0.0660073465000002,1.4793,5.80504047267858
5725,58,3,0.699681818181818,0.300318181818182,0.652029864675688,3,3,2,1,2.9393926535,1.7254926535,3.0174926535,2,1.2139,0.0781000000000001,0.0781000000000001,1.1358,5.7812296666561
3060,31,6,0.715909090909091,0.284090909090909,0.370136648320364,6,6,5,1,2.5715926535,1.114,2.6148926535,3,1.4575926535,0.0432999999999999,0.0432999999999999,1.4142926535,5.61073464641592
2959,30,6,0.837090909090909,0.162909090909091,0.374257520597816,6,6,5,1,2.4343,0.8860926535,2.3842926535,2,1.5482073465,0.0500073464999997,0.0500073464999997,1.4982,5.60671427633218
3056,31,6,0.555090909090909,0.444909090909091,0.398176597995265,1,6,5,1,2.0608,0.8314926535,2.0256926535,1,1.2293073465,0.0351073464999998,0.0351073464999998,1.1942,5.58709104302702
8607,87,3,0.922590909090909,0.0774090909090909,0.891854287882621,3,3,2,1,0.106285307,1.7438,3.0749926535,1,1.503985307,0.1727926535,0.1727926535,1.3311926535,5.32885558554478
192,2,6,0.553045454545455,0.446954545454545,0.311251026553518,1,5,4,1,0.2479926535,1.4477,0.2285,3,1.1997073465,0.0194926534999999,0.0194926534999999,1.180214693,5.28607005558934
9252,93,6,0.772590909090909,0.227409090909091,0.543612916328188,6,6,5,1,0.2078,1.6018,0.1204,4,1.394,0.0874,0.0874,1.3066,5.16946605876573
4272,43,6,0.724954545454545,0.275045454545455,0.391561059907834,6,6,5,1,2.6608926535,1.2768926535,2.7121926535,1,1.384,0.0512999999999999,0.0512999999999999,1.3327,5.15136648113693
4440,45,6,0.758681818181818,0.241318181818182,0.4214826474777,5,5,4,1,0.0203,1.1251,3.1236926535,3,1.1048,0.0381073465000004,0.0381073465000004,1.0666926535,5.10278043207431
6799,69,3,0.739227272727273,0.260772727272727,0.519783423573511,3,3,2,1,2.0607926535,0.4923,2.1610926535,1,1.5684926535,0.1003,0.1003,1.4681926535,5.07745977313179
7229,73,3,0.784409090909091,0.215590909090909,0.757091205377604,3,3,2,1,3.1318,1.2696,0.1171,2,1.2793,0.1268,0.1268,1.1525,4.93522406220411
6160,62,6,0.879954545454545,0.120045454545455,0.376125059213643,6,6,5,1,0.2887,1.8355926535,0.3518,4,1.5468926535,0.0631,0.0631,1.4837926535,4.93449690237361
8579,86,6,0.755272727272727,0.244727272727273,0.5327188470744,6,6,5,1,2.7115,1.4590926535,2.7889926535,1,1.2524073465,0.0774926535000002,0.0774926535000002,1.174914693,4.90929621027718
2114,22,3,0.411045454545454,0.588954545454546,0.37791534696228,1,2,1,1,0.2621,1.324,0.2293,2,1.0619,0.0328,0.0328,1.0291,4.69701308645994
8031,81,3,0.422772727272727,0.577227272727273,0.395861178964834,1,3,2,1,0.5772,2.0215,0.6446,2,1.4443,0.0673999999999999,0.0673999999999999,1.3769,4.64277050525281
8390,85,3,0.468545454545455,0.531454545454545,0.399662654996353,1,3,2,1,2.3369926535,0.9341,2.4063926535,1,1.4028926535,0.0693999999999999,0.0693999999999999,1.3334926535,4.46354450850873
7844,79,6,0.842272727272727,0.157727272727273,0.384003808616996,6,6,5,1,1.6798,0.1388926535,1.7581926535,1,1.5409073465,0.0783926535000001,0.0783926535000001,1.462514693,4.37416936998125
8077,81,6,0.739272727272727,0.260727272727273,0.407613513247316,6,6,5,1,2.2692926535,0.8043926535,2.1832926535,1,1.4649,0.0859999999999999,0.0859999999999999,1.3789,4.1327814221818
2429,25,3,0.602409090909091,0.397590909090909,0.458814896349294,3,3,2,1,0.571,2.0053926535,0.4725,1,1.4343926535,0.0985,0.0985,1.3358926535,4.12745757137633
7871,79,6,0.731590909090909,0.268409090909091,0.404387813757425,6,6,5,1,0.1343,1.3425,0.0712,2,1.2082,0.0631,0.0631,1.1451,4.09429253345382
5252,53,6,0.927090909090909,0.0729090909090909,0.368491921005386,6,6,5,1,1.5868,0.0168,1.499,5,1.57,0.0877999999999999,0.0877999999999999,1.4822,3.96356114161236
896,9,6,0.813954545454545,0.186045454545455,0.366941600303375,6,6,5,1,1.6358,0.1498,1.5556,5,1.486,0.0801999999999998,0.0801999999999998,1.4058,3.96195469820649
2939,30,3,0.673954545454545,0.326045454545455,0.640661599502844,3,3,2,1,0.3179,1.7835,0.4791,2,1.4656,0.1612,0.1612,1.3044,3.95681340147495
9217,93,3,0.628045454545455,0.371954545454545,0.561220113648547,2,2,1,1,0.0571,1.1131,0.1452,2,1.056,0.0881,0.0881,0.9679,3.93341743664322
7556,76,6,0.7545,0.2455,0.454536580604227,6,6,5,1,1.7562926535,0.1987926535,1.6338926535,1,1.5575,0.1224,0.1224,1.4351,3.78367428552857
3233,33,3,0.430863636363636,0.569136363636364,0.389203160050717,1,2,1,1,0.1992926535,1.0917926535,0.1596,2,0.8925,0.0396926535000001,0.0396926535000001,0.8528073465,3.70058529010145
828,9,3,0.383,0.617,0.333774964424162,1,2,1,1,0.1145,0.9816,0.0886,2,0.8671,0.0259,0.0259,0.8412,3.69922924998162
225,3,3,0.561227272727273,0.438772727272727,0.482461763897793,3,3,2,1,2.9422926535,1.9125926535,3.0189926535,2,1.0297,0.0767000000000002,0.0767000000000002,0.953,3.62893497233304
602,7,3,0.447772727272727,0.552227272727273,0.352358339801836,1,3,2,1,0.8444926535,2.2360926535,0.9223,2,1.3916,0.0778073464999999,0.0778073464999999,1.3137926535,3.6220593800616
6480,65,6,0.804,0.196,0.411806543385491,6,6,5,1,0.3453,1.7740926535,0.447,3,1.4287926535,0.1017,0.1017,1.3270926535,3.60254079360655
1325,14,3,0.786,0.214,0.761401057778665,3,3,2,1,3.0998073465,1.1637926535,0.1307,2,1.205485307,0.1723926535,0.1723926535,1.0330926535,3.53697762394056
9339,94,6,0.856772727272727,0.143227272727273,0.367594233440299,6,6,5,1,1.4790926535,0.0381926534999999,1.3877,5,1.4409,0.0913926535,0.0913926535,1.3495073465,3.50846459330873
8538,86,6,0.758045454545455,0.241954545454545,0.455799077181208,6,6,5,1,2.5786,1.0992926535,2.7109926535,3,1.4793073465,0.1323926535,0.1323926535,1.346914693,3.36593860734204
5346,54,6,0.7585,0.2415,0.480579710144928,6,6,5,1,0.5155,2.0600926535,0.6657,4,1.5445926535,0.1502,0.1502,1.3943926535,3.34723684938685
8836,89,3,0.602136363636364,0.397863636363636,0.346725647573878,1,3,2,1,1.4448,0.1022,1.3632,2,1.3426,0.0816000000000001,0.0816000000000001,1.261,3.32234834035456
5958,60,6,0.489272727272727,0.510727272727273,0.3616639233877,1,6,5,1,0.8625926535,1.9959,0.7963,5,1.1333073465,0.0662926535000001,0.0662926535000001,1.067014693,3.31835854259445
5256,53,6,0.710045454545455,0.289954545454545,0.458786011566942,6,6,5,1,0.5542926535,1.9948,0.4211,4,1.4405073465,0.1331926535,0.1331926535,1.307314693,3.274027000566
8638,87,6,0.701227272727273,0.298772727272727,0.316740803502083,1,5,4,1,0.1138,1.0718926535,0.1542,2,0.9580926535,0.0404,0.0404,0.9176926535,3.21538394289324
7456,75,6,0.807227272727273,0.192772727272727,0.397393959219278,6,6,5,1,0.4405,1.8448926535,0.3274,4,1.4043926535,0.1131,0.1131,1.2912926535,3.14624095699039
4346,44,6,0.516863636363636,0.483136363636364,0.203166102968809,1,5,4,1,2.9093,2.0356,2.9031926535,3,0.8737,0.00610734649999989,0.00610734649999989,0.8675926535,3.14157466662522
3241,33,3,0.821818181818182,0.178181818181818,0.420028784994661,3,3,2,1,1.7154926535,0.1909,1.5791926535,1,1.5245926535,0.1363,0.1363,1.3882926535,3.13002080765764
9593,97,3,0.893045454545455,0.106954545454545,0.516410548283058,3,3,2,1,1.5513926535,0.0317,1.7260926535,1,1.5196926535,0.1747,0.1747,1.3449926535,3.09109209448429
1323,14,3,0.488409090909091,0.511590909090909,0.460943577540841,1,3,2,1,2.3888926535,0.9166926535,2.5377926535,1,1.4722,0.1489,0.1489,1.3233,3.06670003096931
2670,27,6,0.669,0.331,0.413314200789217,6,6,5,1,2.8151926535,1.4986,2.9312926535,3,1.3165926535,0.1161,0.1161,1.2004926535,2.98724058780662
3567,36,6,0.820681818181818,0.179318181818182,0.427694705567191,6,6,5,1,0.0288,1.2173926535,0.1351,2,1.1885926535,0.1063,0.1063,1.0822926535,2.96155366459512
7498,76,3,0.395909090909091,0.604090909090909,0.38660431852565,1,3,2,1,2.3175,0.9123926535,2.1973926535,1,1.4051073465,0.1201073465,0.1201073465,1.285,2.92042971410092
7716,78,3,0.688727272727273,0.311272727272727,0.369451577402788,3,3,2,1,1.5708,0.1566,1.4552,2,1.4142,0.1156,0.1156,1.2986,2.89716073922259
8144,82,6,0.743727272727273,0.256272727272727,0.449615150901357,6,6,5,1,2.4267926535,0.9796,2.5781926535,3,1.4471926535,0.1514,0.1514,1.2957926535,2.89279051360612
3600,37,3,0.797409090909091,0.202590909090909,0.474614813439762,3,3,2,1,1.4159,2.9217,1.5852926535,1,1.5058,0.1693926535,0.1693926535,1.3364073465,2.89106637492137
4406,45,3,0.5235,0.4765,0.475848504253957,1,3,2,1,0.1690926535,1.1219926535,0.0763,1,0.9529,0.0927926534999999,0.0927926534999999,0.8601073465,2.86625946292023
692,7,6,0.632090909090909,0.367909090909091,0.358268116678524,1,6,5,1,2.5017926535,1.2793926535,2.5951926535,3,1.2224,0.0933999999999999,0.0933999999999999,1.129,2.82067436352897
1054,11,6,0.643181818181818,0.356818181818182,0.358210358116364,1,6,5,1,0.8497,2.0462926535,0.7591,5,1.1965926535,0.0906,0.0906,1.1059926535,2.81776688822406
4577,46,6,0.891636363636364,0.108363636363636,0.43760957771878,6,6,5,1,3.0533073465,1.2610926535,0.0528,1,1.349285307,0.1409926535,0.1409926535,1.2082926535,2.76848574104364
5269,53,6,0.679909090909091,0.320090909090909,0.50934769355822,6,6,5,1,0.3697,1.7418,0.1961,4,1.3721,0.1736,0.1736,1.1985,2.7301127492376
7742,78,6,0.654590909090909,0.345409090909091,0.26323293530565,1,5,4,1,2.4946,1.5286,2.5347926535,2,0.966,0.0401926535000001,0.0401926535000001,0.9258073465,2.70202700430284
4434,45,3,0.457272727272727,0.542727272727273,0.386548107615139,1,3,2,1,1.9517926535,0.5096926535,2.0885926535,1,1.4421,0.1368,0.1368,1.3053,2.70107732799808
652,7,6,0.781454545454545,0.218545454545455,0.389567929178613,6,6,5,1,2.3422926535,0.8886926535,2.4822926535,1,1.4536,0.14,0.14,1.3136,2.69334964088961
5781,58,6,0.875181818181818,0.124818181818182,0.582183546115532,6,6,5,1,0.1497926535,1.7754926535,3.0608926535,4,1.5158,0.2304,0.2304,1.2854,2.66882571389766
75,1,6,0.753409090909091,0.246590909090909,0.550106232294618,6,6,5,1,0.2061926535,1.6029926535,0.4036,4,1.3968,0.1974073465,0.1974073465,1.1993926535,2.66683016083651
5273,53,6,0.739545454545455,0.260454545454545,0.425323573609967,6,6,5,1,0.4746,1.8160926535,0.3317,4,1.3414926535,0.1429,0.1429,1.1985926535,2.64276677392054
9372,94,6,0.806454545454545,0.193545454545455,0.436214987180107,6,6,5,1,1.4566,2.9617926535,1.6283926535,1,1.5051926535,0.1717926535,0.1717926535,1.3334,2.62249021654793
7952,80,6,0.782863636363636,0.217136363636364,0.351991036833014,6,6,5,1,1.3220926535,2.8475,1.1815,5,1.5254073465,0.1405926535,0.1405926535,1.384814693,2.55750864820538
3572,36,6,0.638318181818182,0.361681818181818,0.360410056138638,1,6,5,1,2.3086926535,1.0635926535,2.4221926535,3,1.2451,0.1135,0.1135,1.1316,2.49443437019256
6870,69,6,0.858636363636364,0.141363636363636,0.417103762827822,6,6,5,1,0.2913,1.8474926535,0.4726,2,1.5561926535,0.1813,0.1813,1.3748926535,2.47934673263804
9617,97,3,0.739681818181818,0.260318181818182,0.530650712997869,2,2,1,1,0.3824,1.8293926535,0.5965,2,1.4469926535,0.2141,0.2141,1.2328926535,2.47722592059678
7164,72,6,0.639772727272727,0.360227272727273,0.351034678257583,1,6,5,1,2.1105,0.8555,2.2253926535,1,1.255,0.1148926535,0.1148926535,1.1401073465,2.4271379413379
6760,68,6,0.829863636363636,0.170136363636364,0.447405741112035,6,6,5,1,2.7645926535,1.4228926535,2.9333926535,3,1.3417,0.1688,0.1688,1.1729,2.3983646880727
8555,86,6,0.815,0.185,0.38389675430993,6,6,5,1,1.7176,0.1647926535,1.5458,5,1.5528073465,0.1718,0.1718,1.3810073465,2.39028060414571
9793,99,3,0.493318181818182,0.506681818181818,0.385844748858447,1,3,2,1,0.8824,2.3734926535,1.057,2,1.4910926535,0.1746,0.1746,1.3164926535,2.2616285719666
1737,18,3,0.763454545454545,0.236545454545455,0.624412483549539,3,3,2,1,1.3834,2.9185926535,1.6763926535,1,1.5351926535,0.2929926535,0.2929926535,1.2422,2.26140466610676
7309,74,3,0.637227272727273,0.362772727272727,0.397684993799091,3,3,2,1,0.3259,1.6585,0.4842,1,1.3326,0.1583,0.1583,1.1743,2.24196585798498
6556,66,6,0.717227272727273,0.282772727272727,0.426316073064281,6,6,5,1,2.4440926535,1.0377,2.6272926535,3,1.4063926535,0.1832,0.1832,1.2231926535,2.23613502847855
871,9,6,0.688045454545455,0.311954545454545,0.394638224272125,6,6,5,1,0.4049,1.7496926535,0.2432,3,1.3447926535,0.1617,0.1617,1.1830926535,2.20544914466999
3678,37,6,0.844818181818182,0.155181818181818,0.373183399247153,6,6,5,1,1.7346926535,0.1871926535,1.9182926535,1,1.5475,0.1836,0.1836,1.3639,2.17887345134072
2128,22,3,0.592590909090909,0.407409090909091,0.481219978007987,1,3,2,1,0.4674926535,1.9757926535,0.7052,2,1.5083,0.2377073465,0.2377073465,1.2705926535,2.12519623225672
6125,62,3,0.743681818181818,0.256318181818182,0.6205703599813,3,3,2,1,2.7610926535,1.3625926535,3.0490926535,2,1.3985,0.288,0.288,1.1105,2.03888575372554
2945,30,6,0.677,0.323,0.350319958895791,6,6,5,1,1.4736926535,0.1903926535,1.3261,5,1.2833,0.1475926535,0.1475926535,1.1357073465,2.01354121166012
1601,17,3,0.372181818181818,0.627818181818182,0.348285805831464,1,3,2,1,2.7335926535,1.759,2.6324926535,1,0.9745926535,0.1011,0.1011,0.8734926535,2.0134023342959
3038,31,3,0.553045454545455,0.446954545454545,0.536871923469862,3,3,2,1,0.1582926535,2.2621,3.1204926535,2,1.0376926535,0.1793,0.1793,0.8583926535,2.00979901865217
9587,97,3,0.601318181818182,0.398681818181818,0.514398748734934,3,3,2,1,1.5841926535,0.1871,1.3385,2,1.3970926535,0.2456926535,0.2456926535,1.1514,2.0030214220165
8629,87,3,0.559863636363636,0.440136363636364,0.406824307767704,1,2,1,1,2.5615926535,1.3672926535,2.3970926535,1,1.1943,0.1645,0.1645,1.0298,1.95313600064887
1904,20,3,0.845272727272727,0.154727272727273,0.445409950946041,3,3,2,1,2.5366926535,1.0097926535,2.7806926535,1,1.5269,0.244,0.244,1.2829,1.94359328594788
484,5,6,0.748772727272727,0.251227272727273,0.501468428781204,6,6,5,1,1.5707926535,3.0618,1.8389926535,1,1.4910073465,0.2682,0.2682,1.2228073465,1.92708761392668
4901,50,3,0.490863636363636,0.509136363636364,0.47675987530824,1,3,2,1,8.53069999999789e-05,2.0609,2.9670926535,1,1.080685307,0.1744926535,0.1744926535,0.9061926535,1.92450082331047
1181,12,6,0.759181818181818,0.240818181818182,0.496489311905133,6,6,5,1,0.4372926535,1.8245,0.1899,3,1.3872073465,0.2473926535,0.2473926535,1.139814693,1.90289102964317
748,8,6,0.715090909090909,0.284909090909091,0.442427707112572,6,6,5,1,0.4919,1.9157926535,0.2605,5,1.4238926535,0.2314,0.2314,1.1924926535,1.87488198449393
9569,96,6,0.696954545454545,0.303045454545455,0.409617486338798,6,6,5,1,2.9317926535,1.4678926535,2.7067926535,3,1.4639,0.225,0.225,1.2389,1.84536401390959
3200,33,3,0.748954545454545,0.251045454545455,0.71715023545496,3,3,2,1,0.212985307,2.1212,3.0385926535,2,1.233285307,0.3158926535,0.3158926535,0.9173926535,1.7980911919626
2835,29,3,0.470727272727273,0.529272727272727,0.41276285179948,1,3,2,1,0.4603926535,1.6218926535,0.2839,2,1.1615,0.1764926535,0.1764926535,0.9850073465,1.79508886977996
7382,74,6,0.722909090909091,0.277090909090909,0.426472854281165,6,6,5,1,3.0662,1.8679,2.8741926535,3,1.1983,0.1920073465,0.1920073465,1.0062926535,1.77332013423119
834,9,3,0.573454545454545,0.426545454545455,0.500825158155313,3,3,2,1,2.8112926535,1.3922,3.0909926535,2,1.4190926535,0.2797,0.2797,1.1393926535,1.7307749647866
5608,57,3,0.527818181818182,0.472181818181818,0.471215978069317,1,3,2,1,0.3757,1.9305926535,0.6698,2,1.5548926535,0.2941,0.2941,1.2607926535,1.72654938495092
3907,40,3,0.468181818181818,0.531818181818182,0.344748962560992,1,3,2,1,1.1114926535,0.0039,1.2564,2,1.1075926535,0.1449073465,0.1449073465,0.962685307,1.70278220303492
9205,93,3,0.477909090909091,0.522090909090909,0.359599378029818,1,3,2,1,0.9158,2.4725926535,1.1472,2,1.5567926535,0.2314,0.2314,1.3253926535,1.69371134983614
1967,20,6,0.727863636363636,0.272136363636364,0.43867577509196,6,6,5,1,2.6144926535,1.3681926535,2.8319926535,4,1.2463,0.2175,0.2175,1.0288,1.68713883145648
1334,14,3,0.508409090909091,0.491590909090909,0.334031890660592,1,3,2,1,1.4813,2.8031926535,1.304,2,1.3218926535,0.1773,0.1773,1.1445926535,1.68205212531821
6521,66,3,0.624863636363636,0.375136363636364,0.522945324239972,2,2,1,1,2.7335926535,1.5643926535,2.9743926535,1,1.1692,0.2408,0.2408,0.9284,1.66954071191331
538,6,3,0.446954545454545,0.553045454545455,0.406288617328024,1,3,2,1,1.0142,2.3881,1.2436,2,1.3739,0.2294,0.2294,1.1445,1.66427101836766
1854,19,6,0.685727272727273,0.314272727272727,0.391882606988614,6,6,5,1,0.7609926535,2.2433926535,1.0035,4,1.4824,0.2425073465,0.2425073465,1.2398926535,1.66112875882798
5854,59,6,0.698818181818182,0.301181818181818,0.490812191195248,6,6,5,1,0.5694926535,1.9928,0.2832,4,1.4233073465,0.2862926535,0.2862926535,1.137014693,1.65944949163905
2688,27,6,0.933545454545455,0.0664545454545455,0.362366022237804,6,6,5,1,1.6235926535,3.1307,1.3944,5,1.5071073465,0.2291926535,0.2291926535,1.277914693,1.65861407260007
1572,16,6,0.712,0.288,0.382060669456067,6,6,5,1,2.1848926535,0.8842926535,2.3896926535,1,1.3006,0.2048,0.2048,1.0958,1.64310079116938
9466,95,6,0.726136363636364,0.273863636363636,0.378089353612167,6,6,5,1,2.6279,1.1846926535,2.8601926535,3,1.4432073465,0.2322926535,0.2322926535,1.210914693,1.62184154592548
6908,70,3,0.413409090909091,0.586590909090909,0.368442641629825,1,3,2,1,0.926,2.3270926535,0.7046,2,1.4010926535,0.2214,0.2214,1.1796926535,1.60150728653957
4464,45,6,0.713454545454545,0.286545454545455,0.409502953758403,6,6,5,1,0.2616926535,1.7566926535,0.5289,3,1.495,0.2672073465,0.2672073465,1.2277926535,1.58503491094623
2636,27,3,0.709909090909091,0.290090909090909,0.681827219405508,3,3,2,1,2.798,0.8859926535,3.1346926535,2,1.2294926535,0.3366926535,0.3366926535,0.8928,1.57420973989421
7567,76,6,0.774818181818182,0.225181818181818,0.363071926640558,6,6,5,1,1.3148,0.0503,1.1155,5,1.2645,0.1993,0.1993,1.0652,1.55132056260538
3315,34,3,0.428090909090909,0.571909090909091,0.404834663625998,1,3,2,1,2.3167926535,0.9157926535,2.5702926535,1,1.401,0.2535,0.2535,1.1475,1.53063517795991
3875,39,6,0.756818181818182,0.243181818181818,0.385894468326326,6,6,5,1,1.9069,0.3822,1.6308926535,1,1.5247,0.2760073465,0.2760073465,1.2486926535,1.47807585564754
5156,52,6,0.768181818181818,0.231818181818182,0.36668643146556,6,6,5,1,0.8005,2.3485926535,0.525,4,1.5480926535,0.2755,0.2755,1.2725926535,1.43361738501138
7665,77,6,0.888181818181818,0.111818181818182,0.386346917757834,6,6,5,1,1.5041926535,0.00549265350000017,1.7858926535,1,1.4987,0.2817,0.2817,1.217,1.41749833859296
6195,63,3,0.664318181818182,0.335681818181818,0.639369253489591,3,3,2,1,0.1977926535,2.2139,3.0230926535,2,1.1253926535,0.3162,0.3162,0.8091926535,1.41281513598459
811,9,3,0.660772727272727,0.339227272727273,0.405967823257093,3,3,2,1,1.3175926535,2.7916926535,1.6100926535,1,1.4741,0.2925,0.2925,1.1816,1.40055935754914
4257,43,6,0.834727272727273,0.165272727272727,0.359332667902467,6,6,5,1,1.4301926535,2.9148,1.6949926535,1,1.4846073465,0.2648,0.2648,1.2198073465,1.39236540071434
4889,49,6,0.602863636363636,0.397136363636364,0.408364018937401,1,6,5,1,0.7718,2.0908,0.5097,5,1.319,0.2621,0.2621,1.0569,1.38288988021448
5264,53,6,0.704863636363636,0.295136363636364,0.356039751784631,6,6,5,1,0.4516,1.7620926535,0.2214,3,1.3104926535,0.2302,0.2302,1.0802926535,1.37268782372199
6589,67,3,0.340409090909091,0.659590909090909,0.33413988312637,1,3,2,1,1.0429,2.3442,0.8155,2,1.3013,0.2274,0.2274,1.0739,1.29355739181474
9867,99,6,0.813454545454545,0.186545454545455,0.365494723891544,6,6,5,1,1.5707926535,3.0584926535,1.2808,5,1.4877,0.2899926535,0.2899926535,1.1977073465,1.28754463193685
7386,74,6,0.704318181818182,0.295681818181818,0.364472534813216,6,6,5,1,2.2387,0.8079926535,1.9514926535,1,1.4307073465,0.2872073465,0.2872073465,1.1435,1.23595867019141
3937,40,3,0.430272727272727,0.569727272727273,0.413087186985926,1,3,2,1,1.4844926535,2.8231926535,1.7865926535,1,1.3387,0.3021,0.3021,1.0366,1.21614932697987
8708,88,3,0.564363636363636,0.435636363636364,0.399470658026832,1,3,2,1,2.2695,1.0169,2.5455926535,1,1.2526,0.2760926535,0.2760926535,0.9765073465,1.19624293306685
4017,41,3,0.442772727272727,0.557227272727273,0.429421729774278,1,3,2,1,1.3176,2.7019,1.6494926535,1,1.3843,0.3318926535,0.3318926535,1.0524073465,1.18338642814764
7106,72,3,0.672409090909091,0.327590909090909,0.406533492165307,3,3,2,1,1.5707926535,0.1809,1.8923926535,1,1.3898926535,0.3216,0.3216,1.0682926535,1.16872105242707
7308,74,3,0.561045454545455,0.438954545454545,0.352124257651896,1,3,2,1,1.0184,2.3944926535,1.3138,2,1.3760926535,0.2954,0.2954,1.0806926535,1.10173161078038
7518,76,3,0.436818181818182,0.563181818181818,0.364810827437711,1,3,2,1,2.7284926535,1.4794926535,3.0151926535,1,1.249,0.2867,0.2867,0.9623,1.04264169659433
523,6,3,0.474681818181818,0.525318181818182,0.373245214220602,1,3,2,1,2.2441,0.9767,2.5492926535,1,1.2674,0.3051926535,0.3051926535,0.9622073465,1.01111124802312
999,11,3,0.378590909090909,0.621409090909091,0.370236515851594,1,3,2,1,2.7285,1.5013,3.0622926535,1,1.2272,0.3337926535,0.3337926535,0.8934073465,0.861850846252266
